subdomain,creatorId,note
moztw,42212,"spam account (1638 pads) - manually verified"
moztw,42217,"spam account (757 pads) - manually verified"
moztw,45327,"spam account (612 pads) - manually verified"
moztw,44042,"spam account (556 pads) - manually verified"
moztw,42188,"spam account (228 pads) - manually verified"
moztw,42368,"spam account (149 pads) - manually verified"
moztw,44805,"spam account (117 pads) - manually verified"
moztw,45245,"spam account (105 pads) - manually verified"
moztw,43960,"spam account (105 pads) - manually verified"
moztw,43659,"spam account (90 pads) - manually verified"
moztw,44840,"spam account (83 pads) - manually verified"
moztw,42342,"spam account (82 pads) - manually verified"
moztw,44991,"spam account (67 pads) - manually verified"
moztw,44841,"spam account (61 pads) - manually verified"
moztw,43758,"spam account (60 pads) - manually verified"
moztw,44445,"spam account (59 pads) - manually verified"
moztw,41730,"spam account (59 pads) - manually verified"
moztw,43132,"spam account (58 pads) - manually verified"
moztw,43235,"spam account (49 pads) - manually verified"
moztw,43119,"spam account (48 pads) - manually verified"
moztw,41459,"spam account (48 pads) - keyword-classified"
moztw,45511,"spam account (41 pads) - keyword-classified"
moztw,41651,"spam account (40 pads) - keyword-classified"
moztw,43407,"spam account (36 pads) - keyword-classified"
moztw,43505,"spam account (34 pads) - keyword-classified"
moztw,43915,"spam account (30 pads) - keyword-classified"
moztw,43737,"spam account (29 pads) - keyword-classified"
moztw,45295,"spam account (23 pads) - keyword-classified"
moztw,43952,"spam account (23 pads) - keyword-classified"
moztw,44132,"spam account (22 pads) - keyword-classified"
moztw,42442,"spam account (21 pads) - keyword-classified"
moztw,42273,"spam account (20 pads) - keyword-classified"
moztw,42602,"spam account (20 pads) - keyword-classified"
moztw,41713,"spam account (18 pads) - keyword-classified"
moztw,42344,"spam account (18 pads) - keyword-classified"
moztw,43700,"spam account (18 pads) - keyword-classified"
moztw,42308,"spam account (16 pads) - keyword-classified"
moztw,41692,"spam account (15 pads) - keyword-classified"
moztw,43923,"spam account (15 pads) - keyword-classified"
moztw,41597,"spam account (14 pads) - keyword-classified"
moztw,41687,"spam account (14 pads) - keyword-classified"
moztw,42334,"spam account (14 pads) - keyword-classified"
moztw,43367,"spam account (13 pads) - keyword-classified"
moztw,45223,"spam account (13 pads) - keyword-classified"
moztw,42233,"spam account (13 pads) - keyword-classified"
moztw,42205,"spam account (13 pads) - keyword-classified"
moztw,43236,"spam account (11 pads) - keyword-classified"
moztw,42384,"spam account (11 pads) - keyword-classified"
moztw,43963,"spam account (11 pads) - keyword-classified"
moztw,45126,"spam account (11 pads) - keyword-classified"
moztw,43443,"spam account (10 pads) - keyword-classified"
moztw,43419,"spam account (10 pads) - keyword-classified"
moztw,45463,"spam account (10 pads) - keyword-classified"
moztw,42685,"spam account (10 pads) - keyword-classified"
moztw,45610,"spam account (10 pads) - keyword-classified"
moztw,45551,"spam account (10 pads) - keyword-classified"
moztw,42540,"spam account (10 pads) - keyword-classified"
moztw,43232,"spam account (10 pads) - keyword-classified"
moztw,43541,"spam account (10 pads) - keyword-classified"
moztw,42800,"spam account (9 pads) - keyword-classified"
moztw,42620,"spam account (9 pads) - keyword-classified"
moztw,43201,"spam account (9 pads) - keyword-classified"
moztw,43085,"spam account (9 pads) - keyword-classified"
moztw,43462,"spam account (8 pads) - keyword-classified"
moztw,43527,"spam account (8 pads) - keyword-classified"
moztw,46208,"spam account (8 pads) - keyword-classified"
moztw,44898,"spam account (8 pads) - keyword-classified"
moztw,41617,"spam account (8 pads) - keyword-classified"
moztw,41974,"spam account (8 pads) - keyword-classified"
moztw,42094,"spam account (8 pads) - keyword-classified"
moztw,43937,"spam account (8 pads) - keyword-classified"
moztw,45589,"spam account (8 pads) - keyword-classified"
moztw,42998,"spam account (7 pads) - keyword-classified"
moztw,43502,"spam account (7 pads) - keyword-classified"
moztw,43625,"spam account (7 pads) - keyword-classified"
moztw,44678,"spam account (7 pads) - keyword-classified"
moztw,43391,"spam account (7 pads) - keyword-classified"
moztw,44061,"spam account (7 pads) - keyword-classified"
moztw,43021,"spam account (7 pads) - keyword-classified"
moztw,43484,"spam account (7 pads) - keyword-classified"
moztw,45991,"spam account (7 pads) - keyword-classified"
moztw,44616,"spam account (7 pads) - keyword-classified"
moztw,45614,"spam account (6 pads) - keyword-classified"
moztw,42102,"spam account (6 pads) - keyword-classified"
moztw,42668,"spam account (6 pads) - keyword-classified"
moztw,42230,"spam account (6 pads) - keyword-classified"
moztw,44558,"spam account (6 pads) - keyword-classified"
moztw,43912,"spam account (6 pads) - keyword-classified"
moztw,45660,"spam account (6 pads) - keyword-classified"
moztw,42019,"spam account (6 pads) - keyword-classified"
moztw,44938,"spam account (6 pads) - keyword-classified"
moztw,42591,"spam account (6 pads) - keyword-classified"
moztw,42119,"spam account (6 pads) - keyword-classified"
moztw,45600,"spam account (6 pads) - keyword-classified"
moztw,43536,"spam account (6 pads) - keyword-classified"
moztw,44205,"spam account (6 pads) - keyword-classified"
moztw,45625,"spam account (6 pads) - keyword-classified"
moztw,45021,"spam account (6 pads) - keyword-classified"
moztw,45579,"spam account (6 pads) - keyword-classified"
moztw,45131,"spam account (6 pads) - keyword-classified"
moztw,44904,"spam account (6 pads) - keyword-classified"
moztw,42386,"spam account (6 pads) - keyword-classified"
moztw,42376,"spam account (6 pads) - keyword-classified"
moztw,43717,"spam account (5 pads) - keyword-classified"
moztw,44162,"spam account (5 pads) - keyword-classified"
moztw,43227,"spam account (5 pads) - keyword-classified"
moztw,43516,"spam account (5 pads) - keyword-classified"
moztw,44103,"spam account (5 pads) - keyword-classified"
moztw,45586,"spam account (5 pads) - keyword-classified"
moztw,42997,"spam account (5 pads) - keyword-classified"
moztw,42911,"spam account (5 pads) - keyword-classified"
moztw,45576,"spam account (5 pads) - keyword-classified"
moztw,43136,"spam account (5 pads) - keyword-classified"
moztw,43465,"spam account (5 pads) - keyword-classified"
moztw,42367,"spam account (5 pads) - keyword-classified"
moztw,44259,"spam account (5 pads) - keyword-classified"
moztw,43340,"spam account (5 pads) - keyword-classified"
moztw,42724,"spam account (5 pads) - keyword-classified"
moztw,43698,"spam account (5 pads) - keyword-classified"
moztw,43084,"spam account (5 pads) - keyword-classified"
moztw,45184,"spam account (5 pads) - keyword-classified"
moztw,42715,"spam account (5 pads) - keyword-classified"
moztw,43609,"spam account (5 pads) - keyword-classified"
moztw,42362,"spam account (5 pads) - keyword-classified"
moztw,44152,"spam account (5 pads) - keyword-classified"
moztw,42083,"spam account (5 pads) - keyword-classified"
moztw,43803,"spam account (5 pads) - keyword-classified"
moztw,45129,"spam account (4 pads) - keyword-classified"
moztw,45467,"spam account (4 pads) - keyword-classified"
moztw,43521,"spam account (4 pads) - keyword-classified"
moztw,44727,"spam account (4 pads) - keyword-classified"
moztw,45851,"spam account (4 pads) - keyword-classified"
moztw,43128,"spam account (4 pads) - keyword-classified"
moztw,46185,"spam account (4 pads) - keyword-classified"
moztw,45347,"spam account (4 pads) - keyword-classified"
moztw,41654,"spam account (4 pads) - keyword-classified"
moztw,42254,"spam account (4 pads) - keyword-classified"
moztw,43565,"spam account (4 pads) - keyword-classified"
moztw,45286,"spam account (4 pads) - keyword-classified"
moztw,45341,"spam account (4 pads) - keyword-classified"
moztw,44436,"spam account (4 pads) - keyword-classified"
moztw,45738,"spam account (4 pads) - keyword-classified"
moztw,43641,"spam account (4 pads) - keyword-classified"
moztw,42211,"spam account (4 pads) - keyword-classified"
moztw,43387,"spam account (4 pads) - keyword-classified"
moztw,43275,"spam account (4 pads) - keyword-classified"
moztw,43577,"spam account (4 pads) - keyword-classified"
moztw,45144,"spam account (4 pads) - keyword-classified"
moztw,44218,"spam account (4 pads) - keyword-classified"
moztw,46006,"spam account (4 pads) - keyword-classified"
moztw,45558,"spam account (4 pads) - keyword-classified"
moztw,45161,"spam account (4 pads) - keyword-classified"
moztw,44334,"spam account (4 pads) - keyword-classified"
moztw,43399,"spam account (4 pads) - keyword-classified"
moztw,42979,"spam account (4 pads) - keyword-classified"
moztw,42454,"spam account (4 pads) - keyword-classified"
moztw,45689,"spam account (4 pads) - keyword-classified"
moztw,44545,"spam account (4 pads) - keyword-classified"
moztw,42788,"spam account (4 pads) - keyword-classified"
moztw,43606,"spam account (4 pads) - keyword-classified"
moztw,43222,"spam account (4 pads) - keyword-classified"
moztw,43537,"spam account (4 pads) - keyword-classified"
moztw,44390,"spam account (4 pads) - keyword-classified"
moztw,42392,"spam account (4 pads) - keyword-classified"
moztw,44041,"spam account (4 pads) - keyword-classified"
moztw,45567,"spam account (4 pads) - keyword-classified"
moztw,46046,"spam account (4 pads) - keyword-classified"
moztw,42693,"spam account (4 pads) - keyword-classified"
moztw,44065,"spam account (3 pads) - keyword-classified"
moztw,42649,"spam account (3 pads) - keyword-classified"
moztw,43607,"spam account (3 pads) - keyword-classified"
moztw,45455,"spam account (3 pads) - keyword-classified"
moztw,44314,"spam account (3 pads) - keyword-classified"
moztw,42670,"spam account (3 pads) - keyword-classified"
moztw,44637,"spam account (3 pads) - keyword-classified"
moztw,45037,"spam account (3 pads) - keyword-classified"
moztw,44201,"spam account (3 pads) - keyword-classified"
moztw,45514,"spam account (3 pads) - keyword-classified"
moztw,42081,"spam account (3 pads) - keyword-classified"
moztw,44636,"spam account (3 pads) - keyword-classified"
moztw,44039,"spam account (3 pads) - keyword-classified"
moztw,45700,"spam account (3 pads) - keyword-classified"
moztw,42304,"spam account (3 pads) - keyword-classified"
moztw,43613,"spam account (3 pads) - keyword-classified"
moztw,45794,"spam account (3 pads) - keyword-classified"
moztw,43038,"spam account (3 pads) - keyword-classified"
moztw,43583,"spam account (3 pads) - keyword-classified"
moztw,44699,"spam account (3 pads) - keyword-classified"
moztw,44277,"spam account (3 pads) - keyword-classified"
moztw,43237,"spam account (3 pads) - keyword-classified"
moztw,44387,"spam account (3 pads) - keyword-classified"
moztw,42633,"spam account (3 pads) - keyword-classified"
moztw,42627,"spam account (3 pads) - keyword-classified"
moztw,43137,"spam account (3 pads) - keyword-classified"
moztw,46109,"spam account (3 pads) - keyword-classified"
moztw,43727,"spam account (3 pads) - keyword-classified"
moztw,44049,"spam account (3 pads) - keyword-classified"
moztw,44855,"spam account (3 pads) - keyword-classified"
moztw,42550,"spam account (3 pads) - keyword-classified"
moztw,44813,"spam account (3 pads) - keyword-classified"
moztw,44927,"spam account (3 pads) - keyword-classified"
moztw,44875,"spam account (3 pads) - keyword-classified"
moztw,45082,"spam account (3 pads) - keyword-classified"
moztw,45249,"spam account (3 pads) - keyword-classified"
moztw,42892,"spam account (3 pads) - keyword-classified"
moztw,44389,"spam account (3 pads) - keyword-classified"
moztw,42727,"spam account (3 pads) - keyword-classified"
moztw,43365,"spam account (3 pads) - keyword-classified"
moztw,42137,"spam account (3 pads) - keyword-classified"
moztw,43008,"spam account (3 pads) - keyword-classified"
moztw,42025,"spam account (3 pads) - keyword-classified"
moztw,46047,"spam account (3 pads) - keyword-classified"
moztw,45649,"spam account (3 pads) - keyword-classified"
moztw,45944,"spam account (3 pads) - keyword-classified"
moztw,44838,"spam account (3 pads) - keyword-classified"
moztw,43817,"spam account (3 pads) - keyword-classified"
moztw,44371,"spam account (3 pads) - keyword-classified"
moztw,43487,"spam account (2 pads) - keyword-classified"
moztw,41988,"spam account (2 pads) - keyword-classified"
moztw,45221,"spam account (2 pads) - keyword-classified"
moztw,43808,"spam account (2 pads) - keyword-classified"
moztw,42548,"spam account (2 pads) - keyword-classified"
moztw,42158,"spam account (2 pads) - keyword-classified"
moztw,42411,"spam account (2 pads) - keyword-classified"
moztw,43463,"spam account (2 pads) - keyword-classified"
moztw,45365,"spam account (2 pads) - keyword-classified"
moztw,45479,"spam account (2 pads) - keyword-classified"
moztw,44835,"spam account (2 pads) - keyword-classified"
moztw,44959,"spam account (2 pads) - keyword-classified"
moztw,43009,"spam account (2 pads) - keyword-classified"
moztw,44728,"spam account (2 pads) - keyword-classified"
moztw,44491,"spam account (2 pads) - keyword-classified"
moztw,41768,"spam account (2 pads) - keyword-classified"
moztw,46094,"spam account (2 pads) - keyword-classified"
moztw,46101,"spam account (2 pads) - keyword-classified"
moztw,45552,"spam account (2 pads) - keyword-classified"
moztw,44256,"spam account (2 pads) - keyword-classified"
moztw,44548,"spam account (2 pads) - keyword-classified"
moztw,45741,"spam account (2 pads) - keyword-classified"
moztw,45164,"spam account (2 pads) - keyword-classified"
moztw,41620,"spam account (2 pads) - keyword-classified"
moztw,42210,"spam account (2 pads) - keyword-classified"
moztw,43303,"spam account (2 pads) - keyword-classified"
moztw,43920,"spam account (2 pads) - keyword-classified"
moztw,41769,"spam account (2 pads) - keyword-classified"
moztw,42766,"spam account (2 pads) - keyword-classified"
moztw,43395,"spam account (2 pads) - keyword-classified"
moztw,41754,"spam account (2 pads) - keyword-classified"
moztw,46181,"spam account (2 pads) - keyword-classified"
moztw,43753,"spam account (2 pads) - keyword-classified"
moztw,44408,"spam account (2 pads) - keyword-classified"
moztw,43055,"spam account (2 pads) - keyword-classified"
moztw,45008,"spam account (2 pads) - keyword-classified"
moztw,43188,"spam account (2 pads) - keyword-classified"
moztw,45430,"spam account (2 pads) - keyword-classified"
moztw,45805,"spam account (2 pads) - keyword-classified"
moztw,45571,"spam account (2 pads) - keyword-classified"
moztw,45370,"spam account (2 pads) - keyword-classified"
moztw,41762,"spam account (2 pads) - keyword-classified"
moztw,44161,"spam account (2 pads) - keyword-classified"
moztw,44921,"spam account (2 pads) - keyword-classified"
moztw,44611,"spam account (2 pads) - keyword-classified"
moztw,45372,"spam account (2 pads) - keyword-classified"
moztw,44165,"spam account (2 pads) - keyword-classified"
moztw,44017,"spam account (2 pads) - keyword-classified"
moztw,44787,"spam account (2 pads) - keyword-classified"
moztw,44066,"spam account (2 pads) - keyword-classified"
moztw,45112,"spam account (2 pads) - keyword-classified"
moztw,42201,"spam account (2 pads) - keyword-classified"
moztw,42452,"spam account (2 pads) - keyword-classified"
moztw,43884,"spam account (2 pads) - keyword-classified"
moztw,42195,"spam account (2 pads) - keyword-classified"
moztw,44439,"spam account (2 pads) - keyword-classified"
moztw,42651,"spam account (2 pads) - keyword-classified"
moztw,43445,"spam account (2 pads) - keyword-classified"
moztw,44136,"spam account (2 pads) - keyword-classified"
moztw,44517,"spam account (2 pads) - keyword-classified"
moztw,45540,"spam account (2 pads) - keyword-classified"
moztw,44164,"spam account (2 pads) - keyword-classified"
moztw,45872,"spam account (2 pads) - keyword-classified"
moztw,41899,"spam account (2 pads) - keyword-classified"
moztw,42064,"spam account (2 pads) - keyword-classified"
moztw,44184,"spam account (2 pads) - keyword-classified"
moztw,42268,"spam account (2 pads) - keyword-classified"
moztw,45934,"spam account (2 pads) - keyword-classified"
moztw,42605,"spam account (2 pads) - keyword-classified"
moztw,43936,"spam account (2 pads) - keyword-classified"
moztw,43882,"spam account (2 pads) - keyword-classified"
moztw,44869,"spam account (2 pads) - keyword-classified"
moztw,42657,"spam account (2 pads) - keyword-classified"
moztw,43667,"spam account (2 pads) - keyword-classified"
moztw,43278,"spam account (2 pads) - keyword-classified"
moztw,42051,"spam account (2 pads) - keyword-classified"
moztw,43804,"spam account (2 pads) - keyword-classified"
moztw,44757,"spam account (2 pads) - keyword-classified"
moztw,44966,"spam account (2 pads) - keyword-classified"
moztw,42785,"spam account (2 pads) - keyword-classified"
moztw,43535,"spam account (2 pads) - keyword-classified"
moztw,43019,"spam account (2 pads) - keyword-classified"
moztw,45641,"spam account (2 pads) - keyword-classified"
moztw,45125,"spam account (2 pads) - keyword-classified"
moztw,44577,"spam account (2 pads) - keyword-classified"
moztw,45338,"spam account (2 pads) - keyword-classified"
moztw,44322,"spam account (2 pads) - keyword-classified"
moztw,45945,"spam account (2 pads) - keyword-classified"
moztw,44945,"spam account (2 pads) - keyword-classified"
moztw,45049,"spam account (2 pads) - keyword-classified"
moztw,45754,"spam account (2 pads) - keyword-classified"
moztw,42144,"spam account (2 pads) - keyword-classified"
moztw,42468,"spam account (2 pads) - keyword-classified"
moztw,44070,"spam account (2 pads) - keyword-classified"
moztw,42699,"spam account (2 pads) - keyword-classified"
moztw,45018,"spam account (2 pads) - keyword-classified"
moztw,45793,"spam account (2 pads) - keyword-classified"
moztw,44782,"spam account (2 pads) - keyword-classified"
moztw,44598,"spam account (2 pads) - keyword-classified"
moztw,44531,"spam account (2 pads) - keyword-classified"
moztw,44437,"spam account (2 pads) - keyword-classified"
moztw,44260,"spam account (2 pads) - keyword-classified"
moztw,45283,"spam account (2 pads) - keyword-classified"
moztw,43955,"spam account (2 pads) - keyword-classified"
moztw,45995,"spam account (2 pads) - keyword-classified"
moztw,44580,"spam account (2 pads) - keyword-classified"
moztw,44895,"spam account (2 pads) - keyword-classified"
moztw,43130,"spam account (2 pads) - keyword-classified"
moztw,42034,"spam account (2 pads) - keyword-classified"
moztw,43332,"spam account (2 pads) - keyword-classified"
moztw,46035,"spam account (2 pads) - keyword-classified"
moztw,45564,"spam account (2 pads) - keyword-classified"
moztw,44498,"spam account (2 pads) - keyword-classified"
moztw,44660,"spam account (2 pads) - keyword-classified"
moztw,45132,"spam account (2 pads) - keyword-classified"
moztw,44169,"spam account (2 pads) - keyword-classified"
moztw,43398,"spam account (2 pads) - keyword-classified"
moztw,44438,"spam account (2 pads) - keyword-classified"
moztw,45247,"spam account (2 pads) - keyword-classified"
moztw,44073,"spam account (2 pads) - keyword-classified"
moztw,43972,"spam account (2 pads) - keyword-classified"
moztw,41933,"spam account (2 pads) - keyword-classified"
moztw,45351,"spam account (2 pads) - keyword-classified"
moztw,42026,"spam account (2 pads) - keyword-classified"
moztw,44638,"spam account (2 pads) - keyword-classified"
moztw,42172,"spam account (2 pads) - keyword-classified"
moztw,45525,"spam account (2 pads) - keyword-classified"
moztw,43677,"spam account (2 pads) - keyword-classified"
moztw,42619,"spam account (2 pads) - keyword-classified"
moztw,46044,"spam account (2 pads) - keyword-classified"
moztw,43961,"spam account (2 pads) - keyword-classified"
moztw,43252,"spam account (2 pads) - keyword-classified"
moztw,44823,"spam account (2 pads) - keyword-classified"
moztw,45948,"spam account (2 pads) - keyword-classified"
moztw,42885,"spam account (2 pads) - keyword-classified"
moztw,42700,"spam account (2 pads) - keyword-classified"
moztw,44561,"spam account (2 pads) - keyword-classified"
moztw,44419,"spam account (2 pads) - keyword-classified"
moztw,41683,"spam account (2 pads) - keyword-classified"
moztw,43968,"spam account (2 pads) - keyword-classified"
moztw,45925,"spam account (2 pads) - keyword-classified"
moztw,45472,"spam account (2 pads) - keyword-classified"
moztw,42426,"spam account (2 pads) - keyword-classified"
moztw,43373,"spam account (2 pads) - keyword-classified"
moztw,44760,"spam account (2 pads) - keyword-classified"
moztw,43181,"spam account (2 pads) - keyword-classified"
moztw,42688,"spam account (2 pads) - keyword-classified"
moztw,43947,"spam account (2 pads) - keyword-classified"
moztw,44447,"spam account (2 pads) - keyword-classified"
moztw,42018,"spam account (2 pads) - keyword-classified"
moztw,44249,"spam account (2 pads) - keyword-classified"
moztw,45482,"spam account (2 pads) - keyword-classified"
moztw,42551,"spam account (2 pads) - keyword-classified"
moztw,43694,"spam account (2 pads) - keyword-classified"
moztw,45733,"spam account (2 pads) - keyword-classified"
moztw,44697,"spam account (2 pads) - keyword-classified"
moztw,42968,"spam account (2 pads) - keyword-classified"
moztw,44629,"spam account (2 pads) - keyword-classified"
moztw,42557,"spam account (2 pads) - keyword-classified"
moztw,42971,"spam account (2 pads) - keyword-classified"
moztw,42467,"spam account (2 pads) - keyword-classified"
moztw,44539,"spam account (2 pads) - keyword-classified"
moztw,44839,"spam account (2 pads) - keyword-classified"
moztw,44879,"spam account (2 pads) - keyword-classified"
moztw,44355,"spam account (2 pads) - keyword-classified"
moztw,45721,"spam account (2 pads) - keyword-classified"
moztw,44036,"spam account (2 pads) - keyword-classified"
moztw,42536,"spam account (2 pads) - keyword-classified"
moztw,44051,"spam account (2 pads) - keyword-classified"
moztw,43518,"spam account (1 pads) - keyword-classified"
moztw,46069,"spam account (1 pads) - keyword-classified"
moztw,43191,"spam account (1 pads) - keyword-classified"
moztw,43880,"spam account (1 pads) - keyword-classified"
moztw,45497,"spam account (1 pads) - keyword-classified"
moztw,43311,"spam account (1 pads) - keyword-classified"
moztw,43390,"spam account (1 pads) - keyword-classified"
moztw,42840,"spam account (1 pads) - keyword-classified"
moztw,42369,"spam account (1 pads) - keyword-classified"
moztw,42403,"spam account (1 pads) - keyword-classified"
moztw,45470,"spam account (1 pads) - keyword-classified"
moztw,42868,"spam account (1 pads) - keyword-classified"
moztw,45206,"spam account (1 pads) - keyword-classified"
moztw,45400,"spam account (1 pads) - keyword-classified"
moztw,44023,"spam account (1 pads) - keyword-classified"
moztw,42742,"spam account (1 pads) - keyword-classified"
moztw,45124,"spam account (1 pads) - keyword-classified"
moztw,44889,"spam account (1 pads) - keyword-classified"
moztw,44689,"spam account (1 pads) - keyword-classified"
moztw,42955,"spam account (1 pads) - keyword-classified"
moztw,43928,"spam account (1 pads) - keyword-classified"
moztw,45855,"spam account (1 pads) - keyword-classified"
moztw,43018,"spam account (1 pads) - keyword-classified"
moztw,46278,"spam account (1 pads) - keyword-classified"
moztw,42807,"spam account (1 pads) - keyword-classified"
moztw,46263,"spam account (1 pads) - keyword-classified"
moztw,43861,"spam account (1 pads) - keyword-classified"
moztw,43517,"spam account (1 pads) - keyword-classified"
moztw,46023,"spam account (1 pads) - keyword-classified"
moztw,46015,"spam account (1 pads) - keyword-classified"
moztw,43052,"spam account (1 pads) - keyword-classified"
moztw,43221,"spam account (1 pads) - keyword-classified"
moztw,43515,"spam account (1 pads) - keyword-classified"
moztw,44516,"spam account (1 pads) - keyword-classified"
moztw,41614,"spam account (1 pads) - keyword-classified"
moztw,42167,"spam account (1 pads) - keyword-classified"
moztw,42033,"spam account (1 pads) - keyword-classified"
moztw,45464,"spam account (1 pads) - keyword-classified"
moztw,43432,"spam account (1 pads) - keyword-classified"
moztw,45335,"spam account (1 pads) - keyword-classified"
moztw,44687,"spam account (1 pads) - keyword-classified"
moztw,45359,"spam account (1 pads) - keyword-classified"
moztw,46206,"spam account (1 pads) - keyword-classified"
moztw,45788,"spam account (1 pads) - keyword-classified"
moztw,45534,"spam account (1 pads) - keyword-classified"
moztw,45291,"spam account (1 pads) - keyword-classified"
moztw,41678,"spam account (1 pads) - keyword-classified"
moztw,45856,"spam account (1 pads) - keyword-classified"
moztw,45257,"spam account (1 pads) - keyword-classified"
moztw,44655,"spam account (1 pads) - keyword-classified"
moztw,45609,"spam account (1 pads) - keyword-classified"
moztw,46273,"spam account (1 pads) - keyword-classified"
moztw,45607,"spam account (1 pads) - keyword-classified"
moztw,42409,"spam account (1 pads) - keyword-classified"
moztw,41883,"spam account (1 pads) - keyword-classified"
moztw,43706,"spam account (1 pads) - keyword-classified"
moztw,44212,"spam account (1 pads) - keyword-classified"
moztw,45907,"spam account (1 pads) - keyword-classified"
moztw,44659,"spam account (1 pads) - keyword-classified"
moztw,44799,"spam account (1 pads) - keyword-classified"
moztw,45833,"spam account (1 pads) - keyword-classified"
moztw,42879,"spam account (1 pads) - keyword-classified"
moztw,46036,"spam account (1 pads) - keyword-classified"
moztw,45361,"spam account (1 pads) - keyword-classified"
moztw,45573,"spam account (1 pads) - keyword-classified"
moztw,42447,"spam account (1 pads) - keyword-classified"
moztw,45595,"spam account (1 pads) - keyword-classified"
moztw,43261,"spam account (1 pads) - keyword-classified"
moztw,43466,"spam account (1 pads) - keyword-classified"
moztw,42113,"spam account (1 pads) - keyword-classified"
moztw,44557,"spam account (1 pads) - keyword-classified"
moztw,42391,"spam account (1 pads) - keyword-classified"
moztw,46223,"spam account (1 pads) - keyword-classified"
moztw,44987,"spam account (1 pads) - keyword-classified"
moztw,45381,"spam account (1 pads) - keyword-classified"
moztw,42237,"spam account (1 pads) - keyword-classified"
moztw,44175,"spam account (1 pads) - keyword-classified"
moztw,43760,"spam account (1 pads) - keyword-classified"
moztw,42127,"spam account (1 pads) - keyword-classified"
moztw,41610,"spam account (1 pads) - keyword-classified"
moztw,45146,"spam account (1 pads) - keyword-classified"
moztw,44937,"spam account (1 pads) - keyword-classified"
moztw,44428,"spam account (1 pads) - keyword-classified"
moztw,45849,"spam account (1 pads) - keyword-classified"
moztw,42398,"spam account (1 pads) - keyword-classified"
moztw,45998,"spam account (1 pads) - keyword-classified"
moztw,43305,"spam account (1 pads) - keyword-classified"
moztw,43270,"spam account (1 pads) - keyword-classified"
moztw,42204,"spam account (1 pads) - keyword-classified"
moztw,44756,"spam account (1 pads) - keyword-classified"
moztw,42594,"spam account (1 pads) - keyword-classified"
moztw,45364,"spam account (1 pads) - keyword-classified"
moztw,46062,"spam account (1 pads) - keyword-classified"
moztw,45761,"spam account (1 pads) - keyword-classified"
moztw,41599,"spam account (1 pads) - keyword-classified"
moztw,42043,"spam account (1 pads) - keyword-classified"
moztw,44886,"spam account (1 pads) - keyword-classified"
moztw,46147,"spam account (1 pads) - keyword-classified"
moztw,42870,"spam account (1 pads) - keyword-classified"
moztw,45730,"spam account (1 pads) - keyword-classified"
moztw,42590,"spam account (1 pads) - keyword-classified"
moztw,45626,"spam account (1 pads) - keyword-classified"
moztw,45333,"spam account (1 pads) - keyword-classified"
moztw,42339,"spam account (1 pads) - keyword-classified"
moztw,42395,"spam account (1 pads) - keyword-classified"
moztw,44405,"spam account (1 pads) - keyword-classified"
moztw,43226,"spam account (1 pads) - keyword-classified"
moztw,44431,"spam account (1 pads) - keyword-classified"
moztw,42980,"spam account (1 pads) - keyword-classified"
moztw,45031,"spam account (1 pads) - keyword-classified"
moztw,42406,"spam account (1 pads) - keyword-classified"
moztw,45639,"spam account (1 pads) - keyword-classified"
moztw,44208,"spam account (1 pads) - keyword-classified"
moztw,45996,"spam account (1 pads) - keyword-classified"
moztw,44497,"spam account (1 pads) - keyword-classified"
moztw,45843,"spam account (1 pads) - keyword-classified"
moztw,43573,"spam account (1 pads) - keyword-classified"
moztw,44748,"spam account (1 pads) - keyword-classified"
moztw,44050,"spam account (1 pads) - keyword-classified"
moztw,44632,"spam account (1 pads) - keyword-classified"
moztw,46212,"spam account (1 pads) - keyword-classified"
moztw,45537,"spam account (1 pads) - keyword-classified"
moztw,44768,"spam account (1 pads) - keyword-classified"
moztw,45458,"spam account (1 pads) - keyword-classified"
moztw,44456,"spam account (1 pads) - keyword-classified"
moztw,43242,"spam account (1 pads) - keyword-classified"
moztw,46085,"spam account (1 pads) - keyword-classified"
moztw,42814,"spam account (1 pads) - keyword-classified"
moztw,41924,"spam account (1 pads) - keyword-classified"
moztw,45543,"spam account (1 pads) - keyword-classified"
moztw,45273,"spam account (1 pads) - keyword-classified"
moztw,45490,"spam account (1 pads) - keyword-classified"
moztw,43834,"spam account (1 pads) - keyword-classified"
moztw,45328,"spam account (1 pads) - keyword-classified"
moztw,44396,"spam account (1 pads) - keyword-classified"
moztw,42157,"spam account (1 pads) - keyword-classified"
moztw,44024,"spam account (1 pads) - keyword-classified"
moztw,45337,"spam account (1 pads) - keyword-classified"
moztw,44809,"spam account (1 pads) - keyword-classified"
moztw,44244,"spam account (1 pads) - keyword-classified"
moztw,44178,"spam account (1 pads) - keyword-classified"
moztw,43094,"spam account (1 pads) - keyword-classified"
moztw,45732,"spam account (1 pads) - keyword-classified"
moztw,46178,"spam account (1 pads) - keyword-classified"
moztw,42645,"spam account (1 pads) - keyword-classified"
moztw,43496,"spam account (1 pads) - keyword-classified"
moztw,43495,"spam account (1 pads) - keyword-classified"
moztw,44837,"spam account (1 pads) - keyword-classified"
moztw,46176,"spam account (1 pads) - keyword-classified"
moztw,46016,"spam account (1 pads) - keyword-classified"
moztw,42612,"spam account (1 pads) - keyword-classified"
moztw,43015,"spam account (1 pads) - keyword-classified"
moztw,45378,"spam account (1 pads) - keyword-classified"
moztw,46245,"spam account (1 pads) - keyword-classified"
moztw,45774,"spam account (1 pads) - keyword-classified"
moztw,43354,"spam account (1 pads) - keyword-classified"
moztw,42032,"spam account (1 pads) - keyword-classified"
moztw,43513,"spam account (1 pads) - keyword-classified"
moztw,45322,"spam account (1 pads) - keyword-classified"
moztw,42974,"spam account (1 pads) - keyword-classified"
moztw,46018,"spam account (1 pads) - keyword-classified"
moztw,45783,"spam account (1 pads) - keyword-classified"
moztw,43669,"spam account (1 pads) - keyword-classified"
moztw,44069,"spam account (1 pads) - keyword-classified"
moztw,45111,"spam account (1 pads) - keyword-classified"
moztw,45762,"spam account (1 pads) - keyword-classified"
moztw,45444,"spam account (1 pads) - keyword-classified"
moztw,45244,"spam account (1 pads) - keyword-classified"
moztw,43190,"spam account (1 pads) - keyword-classified"
moztw,45167,"spam account (1 pads) - keyword-classified"
moztw,43681,"spam account (1 pads) - keyword-classified"
moztw,45339,"spam account (1 pads) - keyword-classified"
moztw,43372,"spam account (1 pads) - keyword-classified"
moztw,45920,"spam account (1 pads) - keyword-classified"
moztw,44467,"spam account (1 pads) - keyword-classified"
moztw,45394,"spam account (1 pads) - keyword-classified"
moztw,42183,"spam account (1 pads) - keyword-classified"
moztw,44556,"spam account (1 pads) - keyword-classified"
moztw,43346,"spam account (1 pads) - keyword-classified"
moztw,45377,"spam account (1 pads) - keyword-classified"
moztw,44812,"spam account (1 pads) - keyword-classified"
moztw,45432,"spam account (1 pads) - keyword-classified"
moztw,44803,"spam account (1 pads) - keyword-classified"
moztw,45950,"spam account (1 pads) - keyword-classified"
moztw,45148,"spam account (1 pads) - keyword-classified"
moztw,45835,"spam account (1 pads) - keyword-classified"
moztw,44664,"spam account (1 pads) - keyword-classified"
moztw,45690,"spam account (1 pads) - keyword-classified"
moztw,44004,"spam account (1 pads) - keyword-classified"
moztw,44383,"spam account (1 pads) - keyword-classified"
moztw,43846,"spam account (1 pads) - keyword-classified"
moztw,44592,"spam account (1 pads) - keyword-classified"
moztw,43102,"spam account (1 pads) - keyword-classified"
moztw,44863,"spam account (1 pads) - keyword-classified"
moztw,43053,"spam account (1 pads) - keyword-classified"
moztw,44928,"spam account (1 pads) - keyword-classified"
moztw,45506,"spam account (1 pads) - keyword-classified"
moztw,43688,"spam account (1 pads) - keyword-classified"
moztw,44547,"spam account (1 pads) - keyword-classified"
moztw,46052,"spam account (1 pads) - keyword-classified"
moztw,42790,"spam account (1 pads) - keyword-classified"
moztw,43786,"spam account (1 pads) - keyword-classified"
moztw,43400,"spam account (1 pads) - keyword-classified"
moztw,44965,"spam account (1 pads) - keyword-classified"
moztw,43992,"spam account (1 pads) - keyword-classified"
moztw,44970,"spam account (1 pads) - keyword-classified"
moztw,43654,"spam account (1 pads) - keyword-classified"
moztw,45039,"spam account (1 pads) - keyword-classified"
moztw,43714,"spam account (1 pads) - keyword-classified"
moztw,45790,"spam account (1 pads) - keyword-classified"
moztw,41932,"spam account (1 pads) - keyword-classified"
moztw,45877,"spam account (1 pads) - keyword-classified"
moztw,45194,"spam account (1 pads) - keyword-classified"
moztw,42396,"spam account (1 pads) - keyword-classified"
moztw,45389,"spam account (1 pads) - keyword-classified"
moztw,45391,"spam account (1 pads) - keyword-classified"
moztw,46169,"spam account (1 pads) - keyword-classified"
moztw,44397,"spam account (1 pads) - keyword-classified"
moztw,44882,"spam account (1 pads) - keyword-classified"
moztw,46187,"spam account (1 pads) - keyword-classified"
moztw,42407,"spam account (1 pads) - keyword-classified"
moztw,43093,"spam account (1 pads) - keyword-classified"
moztw,42085,"spam account (1 pads) - keyword-classified"
moztw,43594,"spam account (1 pads) - keyword-classified"
moztw,42466,"spam account (1 pads) - keyword-classified"
moztw,41766,"spam account (1 pads) - keyword-classified"
moztw,45930,"spam account (1 pads) - keyword-classified"
moztw,41833,"spam account (1 pads) - keyword-classified"
moztw,42250,"spam account (1 pads) - keyword-classified"
moztw,45753,"spam account (1 pads) - keyword-classified"
moztw,45880,"spam account (1 pads) - keyword-classified"
moztw,41700,"spam account (1 pads) - keyword-classified"
moztw,42782,"spam account (1 pads) - keyword-classified"
moztw,44477,"spam account (1 pads) - keyword-classified"
moztw,44740,"spam account (1 pads) - keyword-classified"
moztw,42711,"spam account (1 pads) - keyword-classified"
moztw,43421,"spam account (1 pads) - keyword-classified"
moztw,44932,"spam account (1 pads) - keyword-classified"
moztw,42969,"spam account (1 pads) - keyword-classified"
moztw,44086,"spam account (1 pads) - keyword-classified"
moztw,45727,"spam account (1 pads) - keyword-classified"
moztw,41834,"spam account (1 pads) - keyword-classified"
moztw,45977,"spam account (1 pads) - keyword-classified"
moztw,44319,"spam account (1 pads) - keyword-classified"
moztw,44188,"spam account (1 pads) - keyword-classified"
moztw,45919,"spam account (1 pads) - keyword-classified"
moztw,46076,"spam account (1 pads) - keyword-classified"
moztw,42803,"spam account (1 pads) - keyword-classified"
moztw,43776,"spam account (1 pads) - keyword-classified"
moztw,42057,"spam account (1 pads) - keyword-classified"
moztw,45978,"spam account (1 pads) - keyword-classified"
moztw,42565,"spam account (1 pads) - keyword-classified"
moztw,43711,"spam account (1 pads) - keyword-classified"
moztw,45160,"spam account (1 pads) - keyword-classified"
moztw,46221,"spam account (1 pads) - keyword-classified"
moztw,43456,"spam account (1 pads) - keyword-classified"
moztw,46271,"spam account (1 pads) - keyword-classified"
moztw,46258,"spam account (1 pads) - keyword-classified"
moztw,42988,"spam account (1 pads) - keyword-classified"
moztw,42867,"spam account (1 pads) - keyword-classified"
moztw,41710,"spam account (1 pads) - keyword-classified"
moztw,44878,"spam account (1 pads) - keyword-classified"
moztw,44969,"spam account (1 pads) - keyword-classified"
moztw,44131,"spam account (1 pads) - keyword-classified"
moztw,43020,"spam account (1 pads) - keyword-classified"
moztw,45709,"spam account (1 pads) - keyword-classified"
moztw,43363,"spam account (1 pads) - keyword-classified"
moztw,41623,"spam account (1 pads) - keyword-classified"
moztw,41952,"spam account (1 pads) - keyword-classified"
moztw,42510,"spam account (1 pads) - keyword-classified"
moztw,43586,"spam account (1 pads) - keyword-classified"
moztw,45910,"spam account (1 pads) - keyword-classified"
moztw,42037,"spam account (1 pads) - keyword-classified"
moztw,42316,"spam account (1 pads) - keyword-classified"
moztw,46226,"spam account (1 pads) - keyword-classified"
moztw,42178,"spam account (1 pads) - keyword-classified"
moztw,44613,"spam account (1 pads) - keyword-classified"
moztw,43991,"spam account (1 pads) - keyword-classified"
moztw,44665,"spam account (1 pads) - keyword-classified"
moztw,42120,"spam account (1 pads) - keyword-classified"
moztw,45288,"spam account (1 pads) - keyword-classified"
moztw,43657,"spam account (1 pads) - keyword-classified"
moztw,43423,"spam account (1 pads) - keyword-classified"
moztw,41719,"spam account (1 pads) - keyword-classified"
moztw,44682,"spam account (1 pads) - keyword-classified"
moztw,43939,"spam account (1 pads) - keyword-classified"
moztw,43197,"spam account (1 pads) - keyword-classified"
moztw,43650,"spam account (1 pads) - keyword-classified"
moztw,44091,"spam account (1 pads) - keyword-classified"
moztw,45801,"spam account (1 pads) - keyword-classified"
moztw,43396,"spam account (1 pads) - keyword-classified"
moztw,45777,"spam account (1 pads) - keyword-classified"
moztw,43909,"spam account (1 pads) - keyword-classified"
moztw,45390,"spam account (1 pads) - keyword-classified"
moztw,42401,"spam account (1 pads) - keyword-classified"
moztw,42490,"spam account (1 pads) - keyword-classified"
moztw,42223,"spam account (1 pads) - keyword-classified"
moztw,44294,"spam account (1 pads) - keyword-classified"
moztw,45807,"spam account (1 pads) - keyword-classified"
moztw,43441,"spam account (1 pads) - keyword-classified"
moztw,46275,"spam account (1 pads) - keyword-classified"
moztw,43616,"spam account (1 pads) - keyword-classified"
moztw,45010,"spam account (1 pads) - keyword-classified"
moztw,42872,"spam account (1 pads) - keyword-classified"
moztw,44293,"spam account (1 pads) - keyword-classified"
moztw,44974,"spam account (1 pads) - keyword-classified"
moztw,45439,"spam account (1 pads) - keyword-classified"
moztw,43539,"spam account (1 pads) - keyword-classified"
moztw,45442,"spam account (1 pads) - keyword-classified"
moztw,43245,"spam account (1 pads) - keyword-classified"
moztw,45214,"spam account (1 pads) - keyword-classified"
moztw,44081,"spam account (1 pads) - keyword-classified"
moztw,42360,"spam account (1 pads) - keyword-classified"
moztw,45829,"spam account (1 pads) - keyword-classified"
moztw,44522,"spam account (1 pads) - keyword-classified"
moztw,45871,"spam account (1 pads) - keyword-classified"
moztw,45084,"spam account (1 pads) - keyword-classified"
moztw,44762,"spam account (1 pads) - keyword-classified"
moztw,46210,"spam account (1 pads) - keyword-classified"
moztw,45608,"spam account (1 pads) - keyword-classified"
moztw,42393,"spam account (1 pads) - keyword-classified"
moztw,44761,"spam account (1 pads) - keyword-classified"
moztw,44615,"spam account (1 pads) - keyword-classified"
moztw,45168,"spam account (1 pads) - keyword-classified"
moztw,44251,"spam account (1 pads) - keyword-classified"
moztw,45758,"spam account (1 pads) - keyword-classified"
moztw,44361,"spam account (1 pads) - keyword-classified"
moztw,46246,"spam account (1 pads) - keyword-classified"
moztw,42455,"spam account (1 pads) - keyword-classified"
moztw,41829,"spam account (1 pads) - keyword-classified"
moztw,45775,"spam account (1 pads) - keyword-classified"
moztw,44766,"spam account (1 pads) - keyword-classified"
moztw,42402,"spam account (1 pads) - keyword-classified"
moztw,44418,"spam account (1 pads) - keyword-classified"
moztw,45057,"spam account (1 pads) - keyword-classified"
moztw,45757,"spam account (1 pads) - keyword-classified"
moztw,43203,"spam account (1 pads) - keyword-classified"
moztw,42117,"spam account (1 pads) - keyword-classified"
moztw,46013,"spam account (1 pads) - keyword-classified"
moztw,44673,"spam account (1 pads) - keyword-classified"
moztw,43830,"spam account (1 pads) - keyword-classified"
moztw,43736,"spam account (1 pads) - keyword-classified"
moztw,45475,"spam account (1 pads) - keyword-classified"
moztw,46027,"spam account (1 pads) - keyword-classified"
moztw,43246,"spam account (1 pads) - keyword-classified"
moztw,44599,"spam account (1 pads) - keyword-classified"
moztw,44888,"spam account (1 pads) - keyword-classified"
moztw,44849,"spam account (1 pads) - keyword-classified"
moztw,43027,"spam account (1 pads) - keyword-classified"
moztw,45363,"spam account (1 pads) - keyword-classified"
moztw,46093,"spam account (1 pads) - keyword-classified"
moztw,44521,"spam account (1 pads) - keyword-classified"
moztw,44382,"spam account (1 pads) - keyword-classified"
moztw,43447,"spam account (1 pads) - keyword-classified"
moztw,45559,"spam account (1 pads) - keyword-classified"
moztw,42474,"spam account (1 pads) - keyword-classified"
moztw,44493,"spam account (1 pads) - keyword-classified"
moztw,45666,"spam account (1 pads) - keyword-classified"
moztw,43839,"spam account (1 pads) - keyword-classified"
moztw,43304,"spam account (1 pads) - keyword-classified"
moztw,43713,"spam account (1 pads) - keyword-classified"
moztw,42297,"spam account (1 pads) - keyword-classified"
moztw,43216,"spam account (1 pads) - keyword-classified"
moztw,44873,"spam account (1 pads) - keyword-classified"
moztw,42408,"spam account (1 pads) - keyword-classified"
moztw,45870,"spam account (1 pads) - keyword-classified"
moztw,43676,"spam account (1 pads) - keyword-classified"
moztw,42056,"spam account (1 pads) - keyword-classified"
moztw,42558,"spam account (1 pads) - keyword-classified"
moztw,42801,"spam account (1 pads) - keyword-classified"
moztw,45114,"spam account (1 pads) - keyword-classified"
moztw,42928,"spam account (1 pads) - keyword-classified"
moztw,43339,"spam account (1 pads) - keyword-classified"
moztw,45493,"spam account (1 pads) - keyword-classified"
moztw,44712,"spam account (1 pads) - keyword-classified"
moztw,43440,"spam account (1 pads) - keyword-classified"
moztw,45287,"spam account (1 pads) - keyword-classified"
moztw,42405,"spam account (1 pads) - keyword-classified"
moztw,42529,"spam account (1 pads) - keyword-classified"
moztw,43362,"spam account (1 pads) - keyword-classified"
moztw,43076,"spam account (1 pads) - keyword-classified"
moztw,41757,"spam account (1 pads) - keyword-classified"
moztw,43377,"spam account (1 pads) - keyword-classified"
moztw,45748,"spam account (1 pads) - keyword-classified"
moztw,44925,"spam account (1 pads) - keyword-classified"
moztw,44634,"spam account (1 pads) - keyword-classified"
moztw,45239,"spam account (1 pads) - keyword-classified"
moztw,45760,"spam account (1 pads) - keyword-classified"
moztw,45785,"spam account (1 pads) - keyword-classified"
moztw,42453,"spam account (1 pads) - keyword-classified"
moztw,43627,"spam account (1 pads) - keyword-classified"
moztw,45939,"spam account (1 pads) - keyword-classified"
moztw,42546,"spam account (1 pads) - keyword-classified"
moztw,45731,"spam account (1 pads) - keyword-classified"
moztw,44990,"spam account (1 pads) - keyword-classified"
moztw,45052,"spam account (1 pads) - keyword-classified"
moztw,43953,"spam account (1 pads) - keyword-classified"
moztw,43358,"spam account (1 pads) - keyword-classified"
moztw,45975,"spam account (1 pads) - keyword-classified"
moztw,43630,"spam account (1 pads) - keyword-classified"
moztw,44880,"spam account (1 pads) - keyword-classified"
moztw,46274,"spam account (1 pads) - keyword-classified"
moztw,43024,"spam account (1 pads) - keyword-classified"
moztw,45451,"spam account (1 pads) - keyword-classified"
moztw,46075,"spam account (1 pads) - keyword-classified"
moztw,42956,"spam account (1 pads) - keyword-classified"
moztw,45974,"spam account (1 pads) - keyword-classified"
moztw,44694,"spam account (1 pads) - keyword-classified"
moztw,44614,"spam account (1 pads) - keyword-classified"
moztw,43519,"spam account (1 pads) - keyword-classified"
moztw,42340,"spam account (1 pads) - keyword-classified"
moztw,43765,"spam account (1 pads) - keyword-classified"
moztw,42944,"spam account (1 pads) - keyword-classified"
moztw,43265,"spam account (1 pads) - keyword-classified"
moztw,42399,"spam account (1 pads) - keyword-classified"
moztw,45772,"spam account (1 pads) - keyword-classified"
moztw,43578,"spam account (1 pads) - keyword-classified"
moztw,46050,"spam account (1 pads) - keyword-classified"
moztw,41975,"spam account (1 pads) - keyword-classified"
